Company,Closing Price,Day's Value (mn),Day's Volume (Nos.),Total No. of Outstanding Securities
AAMRANET,18.30,1.43,"77,970.00","92,979,912"
AAMRATECH,12.60,0.31,"24,436.00","64,707,442"
ABB1STMF,3.60,8.14,"2,260,166.00","239,090,396"
ABBANK,6.60,5.69,"850,348.00","895,694,749"
ABBLPBOND,900.00,-,-,"5,710,936"
ACFL,18.60,1.94,"103,934.00","100,833,333"
ACI,196.50,9.68,"48,768.00","87,831,843"
ACIFORMULA,137.30,4.39,"31,678.00","47,250,000"
ACMELAB,82.30,40.76,"491,512.00","211,601,700"
ACMEPL,14.30,9.12,"632,258.00","135,000,000"
ACTIVEFINE,9.90,23.01,"2,299,776.00","239,936,580"
ADNTEL,74.90,12.13,"161,292.00","64,651,666"
ADVENT,15.30,3.22,"209,729.00","93,132,732"
AFCAGRO,8.30,1.48,"175,393.00","115,216,200"
AFTABAUTO,35.50,12.91,"362,624.00","105,544,995"
AGNISYSL,25.90,30.98,"1,187,956.00","72,556,192"
AGRANINS,25.50,0.82,"31,979.00","36,018,698"
AIBL1STIMF,5.50,2.27,"411,293.00","100,000,000"
AIBLPBOND,"4,760.00",-,-,"100,000"
AIL,46.50,27.81,"593,303.00","48,676,835"
AL-HAJTEX,129.90,4.88,"37,354.00","22,298,549"
ALARABANK,18.00,2.67,"148,218.00","1,151,691,713"
ALIF,5.80,1.68,"288,919.00","259,927,022"
ALLTEX,10.50,0.48,"45,082.00","55,968,000"
AMANFEED,24.90,11.17,"443,139.00","130,970,400"
AMBEEPHA,811.80,8.19,"10,004.00","2,400,000"
AMCL(PRAN),232.20,1.34,"5,711.00","8,000,000"
ANLIMAYARN,21.00,1.69,"79,938.00","17,867,800"
ANWARGALV,73.30,48.12,"657,288.00","30,187,080"
AOL,14.90,1.61,"108,007.00","109,782,000"
APEXFOODS,226.40,10.06,"44,424.00","5,702,400"
APEXFOOT,219.20,9.29,"42,299.00","15,722,437"
APEXSPINN,150.50,51.72,"343,382.00","8,400,000"
APEXTANRY,72.00,5.43,"75,386.00","15,240,000"
APOLOISPAT,3.30,0.61,"183,077.00","401,308,600"
APSCLBOND,"2,550.00",-,-,"200,000"
ARAMIT,206.60,9.61,"46,380.00","6,000,000"
ARAMITCEM,12.80,0.13,"10,042.00","33,880,000"
ARGONDENIM,17.60,7.68,"431,496.00","138,888,606"
ASIAINS,26.80,2.00,"74,436.00","47,069,858"
ASIAPACINS,32.70,2.09,"63,215.00","42,350,000"
ASIATICLAB,47.00,55.44,"1,180,621.00","122,393,455"
ATCSLGF,7.50,-,-,"61,786,050"
ATLASBANG,64.60,0.42,"6,447.00","33,127,108"
AZIZPIPES,54.30,1.73,"31,415.00","5,347,125"
BANGAS,116.40,40.86,"345,766.00","7,624,643"
BANKASI1PB,"8,650.00",-,-,"68,050"
BANKASIA,18.60,60.40,"3,220,250.00","1,282,497,546"
BARKAPOWER,10.90,33.20,"3,015,049.00","235,465,661"
BATASHOE,870.70,1.00,"1,143.00","13,680,000"
BATBC,297.00,43.24,"145,290.00","540,000,000"
BAYLEASING,4.50,0.26,"57,112.00","140,888,443"
BBS,10.80,4.76,"439,802.00","162,929,732"
BBSCABLES,16.20,6.32,"388,137.00","211,709,767"
BDAUTOCA,114.70,14.91,"129,707.00","4,326,013"
BDCOM,23.70,8.48,"356,618.00","59,940,823"
BDFINANCE,10.80,1.05,"96,624.00","188,236,267"
BDLAMPS,149.20,24.89,"167,981.00","10,527,877"
BDSERVICE,5.20,-,-,"97,788,913"
BDTHAI,12.70,10.54,"825,159.00","127,775,250"
BDTHAIFOOD,14.40,11.73,"803,904.00","81,500,000"
BDWELDING,10.10,0.82,"80,960.00","43,349,305"
BEACHHATCH,46.10,42.19,"910,990.00","41,401,021"
BEACONPHAR,111.40,13.03,"115,978.00","231,000,000"
BENGALWTL,19.20,8.32,"432,035.00","91,476,000"
BERGERPBL,"1,550.30",7.04,"4,517.00","49,105,991"
BESTHLDNG,16.20,10.28,"633,321.00","1,059,230,365"
BEXGSUKUK,49.00,1.44,"29,450.00","280,924,613"
BEXIMCO,110.10,0.06,500.00,"943,235,842"
BGIC,31.80,1.78,"55,656.00","54,027,255"
BIFC,5.90,0.05,"8,446.00","100,679,944"
BNICL,40.20,3.62,"89,831.00","44,250,000"
BPML,33.70,5.22,"153,464.00","173,791,441"
BPPL,14.40,24.54,"1,676,824.00","172,995,488"
BRACBANK,68.20,129.09,"1,889,499.00","1,990,926,167"
BSC,119.50,313.83,"2,593,806.00","152,535,040"
BSCPLC,151.10,74.57,"481,973.00","187,038,843"
BSRMLTD,90.70,16.67,"182,362.00","298,584,626"
BSRMSTEEL,65.50,6.16,"92,914.00","375,952,500"
BXPHARMA,116.70,151.38,"1,283,414.00","446,112,089"
CAPITECGBF,7.40,12.88,"1,728,384.00","155,680,000"
CAPMBDBLMF,9.20,0.42,"45,208.00","50,131,000"
CAPMIBBLMF,8.50,1.19,"140,044.00","66,853,500"
CBLPBOND,"1,037,500.00",-,-,"4,000"
CENTRALINS,39.20,6.81,"173,384.00","53,144,823"
CENTRALPHL,10.70,6.71,"623,731.00","119,800,844"
CITYBANK,23.90,210.40,"8,749,008.00","1,521,222,069"
CITYGENINS,51.60,9.68,"186,310.00","68,166,122"
CLICL,46.40,3.41,"72,600.00","37,500,000"
CNATEX,3.20,0.87,"270,075.00","239,316,000"
CONFIDCEM,59.30,50.13,"838,515.00","86,253,790"
CONTININS,23.80,5.42,"226,816.00","43,685,576"
COPPERTECH,21.10,5.01,"234,706.00","65,520,000"
CROWNCEMNT,50.30,1.24,"24,279.00","148,500,000"
CRYSTALINS,44.20,10.97,"246,211.00","44,000,000"
CVOPRL,144.90,36.48,"250,193.00","27,769,500"
DACCADYE,16.40,1.26,"76,515.00","87,153,453"
DAFODILCOM,55.70,10.60,"191,350.00","49,912,262"
DBH,39.20,12.12,"309,040.00","202,867,974"
DBH1STMF,6.20,0.68,"110,060.00","120,000,000"
DBLPBOND,"6,131.50",-,-,"40,000"
DEBARACEM,"1,865.00",-,-,"45,000"
DEBBDLUGG,784.00,-,-,-
DEBBDWELD,"1,418.50",-,-,"8,000"
DEBBDZIPP,700.00,-,-,-
DEBBXDENIM,"1,450.00",-,-,"120,000"
DEBBXFISH,835.00,-,-,"40,000"
DEBBXKNI,900.00,-,-,"100,000"
DEBBXTEX,"1,300.00",-,-,"96,000"
DELTALIFE,76.00,24.78,"322,413.00","123,750,000"
DELTASPINN,5.70,1.56,"271,489.00","166,481,964"
DESCO,24.80,1.28,"51,280.00","397,569,804"
DESHBANDHU,18.80,6.20,"327,531.00","61,365,150"
DGIC,22.60,3.38,"148,836.00","40,000,000"
DHAKABANK,11.80,39.13,"3,288,969.00","1,056,932,349"
DHAKAINS,36.80,1.36,"36,627.00","40,125,000"
DOMINAGE,12.40,22.61,"1,801,484.00","102,600,000"
DOREENPWR,25.90,12.05,"460,723.00","181,118,901"
DSHGARME,122.70,34.78,"279,492.00","8,288,342"
DSSL,10.70,20.76,"1,910,815.00","210,793,275"
DULAMIACOT,99.40,6.59,"67,103.00","7,556,600"
DUTCHBANGL,44.50,6.06,"135,718.00","966,701,139"
EASTERNINS,45.40,0.84,"18,237.00","43,110,144"
EASTLAND,18.90,1.32,"69,266.00","83,880,581"
EASTRNLUB,"2,606.90",46.77,"17,951.00","1,587,616"
EBL,25.60,36.99,"1,440,100.00","1,595,813,388"
EBL1STMF,4.40,1.85,"417,664.00","144,754,222"
EBLNRBMF,3.50,1.02,"289,301.00","224,261,303"
ECABLES,124.30,6.65,"53,829.00","26,400,000"
EGEN,20.60,12.09,"581,587.00","75,000,000"
EHL,88.00,172.95,"1,939,791.00","93,345,153"
EIL,33.70,24.12,"712,921.00","65,197,464"
EMERALDOIL,20.80,2.66,"127,251.00","91,272,004"
ENVOYTEX,44.80,8.67,"192,262.00","167,734,767"
EPGL,17.30,4.16,"236,926.00","190,163,216"
ESQUIRENIT,22.70,5.65,"246,313.00","134,895,833"
ETL,9.00,11.02,"1,206,140.00","183,744,000"
EXIM1STMF,4.80,9.72,"2,059,430.00","143,256,343"
EXIMBANK,6.00,5.98,"994,377.00","1,447,557,344"
FAMILYTEX,2.30,0.48,"208,763.00","354,160,388"
FARCHEM,22.10,7.70,"341,462.00","153,097,333"
FAREASTFIN,3.40,0.27,"77,667.00","164,063,330"
FAREASTLIF,28.40,0.62,"21,458.00","74,742,751"
FASFIN,2.80,0.11,"38,671.00","149,077,364"
FBFIF,3.50,3.17,"896,790.00","776,147,028"
FEDERALINS,21.40,3.26,"151,520.00","71,039,643"
FEKDIL,17.30,60.09,"3,438,942.00","218,744,171"
FINEFOODS,258.70,23.93,"92,573.00","13,973,918"
FIRSTFIN,3.00,0.15,"50,075.00","118,544,663"
FIRSTSBANK,3.80,8.03,"2,105,159.00","1,208,139,379"
FORTUNE,15.80,3.77,"237,673.00","170,662,263"
FUWANGCER,13.00,16.01,"1,220,141.00","136,269,093"
FUWANGFOOD,15.00,10.27,"682,091.00","110,839,284"
GBBPOWER,7.30,0.32,"43,469.00","101,803,548"
GEMINISEA,155.00,36.42,"233,816.00","11,485,418"
GENEXIL,23.50,5.72,"242,426.00","120,450,021"
GENNEXT,2.60,1.22,"465,516.00","494,974,555"
GHAIL,12.40,9.53,"760,127.00","215,837,621"
GHCL,19.70,0.90,"45,298.00","72,000,000"
GIB,3.00,1.55,"512,428.00","1,036,811,672"
GLDNJMF,7.40,3.67,"489,880.00","100,000,000"
GLOBALINS,27.80,7.03,"250,077.00","40,551,763"
GOLDENSON,11.30,10.52,"920,137.00","171,729,772"
GP,315.70,45.24,"142,954.00","1,350,300,022"
GPHISPAT,19.50,17.32,"879,768.00","483,883,456"
GQBALLPEN,246.60,21.77,"87,861.00","8,928,091"
GRAMEENS2,13.90,7.64,"542,760.00","182,397,902"
GREENDELMF,4.10,0.80,"193,876.00","150,000,000"
GREENDELT,48.00,2.61,"53,986.00","100,188,194"
GSPFINANCE,5.00,0.37,"74,466.00","157,068,585"
HAKKANIPUL,76.20,113.75,"1,532,281.00","19,000,000"
HAMI,105.00,8.99,"87,612.00","7,700,000"
HEIDELBCEM,247.90,4.46,"17,842.00","56,503,580"
HFL,8.40,0.70,"81,924.00","91,057,312"
HRTEX,26.40,23.09,"862,435.00","29,221,500"
HWAWELLTEX,43.10,0.81,"18,625.00","56,000,000"
IBBL2PBOND,"3,960.00",-,-,"160,000"
IBBLPBOND,686.50,-,-,"3,000,000"
IBNSINA,313.30,14.89,"47,284.00","31,243,627"
IBP,13.20,13.73,"1,038,451.00","116,205,178"
ICB,48.00,7.15,"147,663.00","867,258,961"
ICB3RDNRB,4.70,2.32,"490,066.00","100,000,000"
ICBAGRANI1,7.30,2.77,"381,457.00","98,151,000"
ICBAMCL2ND,6.10,0.52,"85,466.00","50,000,000"
ICBEPMF1S1,5.00,0.62,"124,099.00","75,000,000"
ICBIBANK,2.90,0.10,"33,849.00","664,702,300"
ICBSONALI1,5.50,28.10,"5,141,615.00","100,000,000"
ICICL,21.60,5.15,"237,146.00","50,652,766"
IDLC,39.90,34.10,"853,282.00","436,483,409"
IFADAUTOS,23.60,13.94,"580,690.00","268,253,911"
IFIC,6.60,18.70,"2,834,130.00","1,922,086,648"
IFIC1STMF,3.80,10.95,"2,880,158.00","182,167,965"
IFILISLMF1,4.70,8.48,"1,835,504.00","100,000,000"
ILFSL,2.80,0.59,"208,238.00","221,810,246"
INDEXAGRO,76.20,13.23,"173,141.00","47,253,649"
INTECH,20.60,6.58,"323,629.00","31,321,226"
INTRACO,21.50,24.38,"1,121,621.00","98,232,750"
IPDC,18.60,29.00,"1,543,720.00","409,128,430"
ISLAMIBANK,45.40,39.07,"851,850.00","1,609,990,668"
ISLAMICFIN,8.40,2.41,"283,585.00","140,326,670"
ISLAMIINS,39.50,1.06,"26,818.00","41,165,215"
ISNLTD,42.20,1.88,"44,399.00","10,920,003"
ITC,40.10,21.19,"525,127.00","128,592,664"
JAMUNABANK,20.80,147.74,"7,045,069.00","939,337,630"
JAMUNAOIL,191.20,24.10,"125,100.00","110,424,600"
JANATAINS,25.00,2.45,"97,050.00","48,482,628"
JHRML,53.10,44.16,"820,842.00","125,294,120"
JMISMDL,152.50,29.74,"194,469.00","30,056,000"
JUTESPINN,201.40,0.28,"1,372.00","1,700,000"
KARNAPHULI,30.60,32.34,"1,031,206.00","44,876,113"
KAY&QUE,289.20,34.87,"120,038.00","6,993,049"
KBPPWBIL,118.80,31.95,"268,476.00","98,079,877"
KDSALTD,40.50,11.88,"291,539.00","74,741,479"
KEYACOSMET,4.80,1.45,"301,297.00","1,102,317,324"
KOHINOOR,525.90,45.27,"85,647.00","37,070,812"
KPCL,10.80,1.77,"163,359.00","397,413,179"
KPPL,17.60,5.40,"303,657.00","73,040,000"
KTL,12.40,55.64,"4,380,996.00","116,305,200"
LANKABAFIN,17.50,38.27,"2,169,895.00","538,838,623"
LEGACYFOOT,60.90,34.43,"565,898.00","43,079,980"
LHB,57.50,69.11,"1,188,668.00","1,161,373,500"
LIBRAINFU,772.80,6.91,"8,962.00","2,252,880"
LINDEBD,960.40,6.48,"6,735.00","15,218,280"
LOVELLO,90.70,39.50,"432,584.00","93,500,000"
LRBDL,14.20,3.55,"249,440.00","145,243,144"
LRGLOBMF1,3.80,1.82,"477,535.00","311,080,332"
MAGURAPLEX,91.30,39.57,"426,293.00","29,603,378"
MAKSONSPIN,7.10,5.35,"741,045.00","238,232,538"
MALEKSPIN,30.40,165.28,"5,390,001.00","193,600,000"
MARICO,"2,931.40",15.88,"5,398.00","31,500,000"
MATINSPINN,51.00,9.59,"187,986.00","97,490,000"
MBL1STMF,4.80,0.08,"16,400.00","100,000,000"
MBPLCPBOND,"4,850.00",-,-,"100,000"
MEGCONMILK,17.50,0.14,"8,126.00","16,000,000"
MEGHNACEM,42.60,0.43,"10,138.00","31,588,529"
MEGHNAINS,25.30,8.57,"335,081.00","40,000,000"
MEGHNALIFE,58.40,44.10,"748,540.00","42,405,218"
MEGHNAPET,25.20,0.22,"8,730.00","12,000,000"
MERCANBANK,9.50,29.94,"3,105,182.00","1,106,575,435"
MERCINS,25.90,0.11,"4,400.00","43,095,360"
METROSPIN,11.50,1.11,"96,760.00","61,698,275"
MHSML,15.60,12.18,"764,639.00","100,993,374"
MIDASFIN,7.30,0.49,"66,661.00","143,892,507"
MIDLANDBNK,18.70,33.13,"1,747,293.00","658,859,845"
MIRACLEIND,29.90,3.77,"124,561.00","35,218,055"
MIRAKHTER,28.80,26.99,"925,633.00","120,771,547"
MITHUNKNIT,15.50,0.75,"48,337.00","32,491,162"
MJLBD,101.20,59.04,"581,544.00","316,752,027"
MLDYEING,9.70,5.47,"561,417.00","232,434,090"
MONNOAGML,375.80,19.42,"51,513.00","4,400,256"
MONNOCERA,86.90,15.91,"181,639.00","37,724,317"
MONNOFABR,14.10,10.57,"741,255.00","115,000,000"
MONOSPOOL,107.20,46.98,"427,861.00","34,105,101"
MPETROLEUM,212.90,57.79,"271,180.00","108,216,108"
MTB,13.10,12.32,"941,533.00","1,081,431,720"
MTBPBOND,"1,000,000.00",-,-,"4,000"
NAHEEACP,21.40,13.79,"635,472.00","68,360,160"
NATLIFEINS,107.30,22.50,"207,080.00","108,521,981"
NAVANACNG,22.30,1.88,"84,532.00","75,552,772"
NAVANAPHAR,56.10,43.81,"774,397.00","107,416,217"
NBL,3.80,1.39,"367,799.00","3,219,739,570"
NCCBANK,13.00,81.27,"6,260,820.00","1,110,423,096"
NCCBLMF1,5.40,0.51,"94,224.00","108,503,401"
NEWLINE,6.90,1.94,"275,951.00","78,532,650"
NFML,10.40,0.88,"84,315.00","93,361,324"
NHFIL,25.00,8.37,"333,181.00","117,031,200"
NITOLINS,27.70,3.48,"123,898.00","42,218,020"
NORTHERN,111.60,0.26,"2,337.00","2,142,000"
NORTHRNINS,30.90,0.86,"27,865.00","42,659,611"
NPOLYMER,31.40,9.37,"294,419.00","72,983,668"
NRBBANK,9.40,10.78,"1,142,570.00","690,587,200"
NRBCBANK,7.20,3.50,"485,750.00","828,649,534"
NTC,171.60,0.79,"4,607.00","11,046,624"
NTLTUBES,81.70,22.54,"273,066.00","34,821,803"
NURANI,3.10,0.17,"54,908.00","122,625,030"
OAL,7.20,2.91,"407,274.00","169,526,982"
OIMEX,23.80,13.41,"560,331.00","73,084,781"
OLYMPIC,168.50,60.80,"359,615.00","199,938,886"
ONEBANKPLC,8.20,34.07,"4,123,931.00","1,065,821,887"
ORIONINFU,388.00,126.22,"329,192.00","20,359,760"
ORIONPHARM,31.20,15.58,"497,049.00","234,000,000"
PADMALIFE,20.80,1.26,"59,090.00","38,880,000"
PADMAOIL,201.10,16.17,"80,213.00","98,232,750"
PARAMOUNT,39.20,2.18,"55,272.00","40,664,966"
PBLPBOND,"4,720.00",-,-,"100,000"
PDL,6.60,0.73,"110,426.00","183,550,143"
PENINSULA,10.70,1.92,"178,171.00","118,666,800"
PEOPLESINS,34.70,3.49,"100,067.00","46,200,000"
PF1STMF,5.20,3.60,"677,436.00","60,000,000"
PHARMAID,610.60,14.44,"23,573.00","3,120,000"
PHENIXINS,27.00,5.14,"184,830.00","40,341,572"
PHOENIXFIN,3.50,0.20,"57,681.00","165,874,195"
PHPMF1,3.40,3.57,"1,048,573.00","281,893,264"
PIONEERINS,43.00,3.49,"80,591.00","97,801,420"
PLFSL,2.10,0.62,"292,838.00","285,440,597"
POPULAR1MF,3.50,0.23,"66,648.00","299,089,027"
POPULARLIF,48.20,31.53,"642,046.00","60,428,358"
POWERGRID,33.00,7.52,"225,909.00","913,806,991"
PRAGATIINS,51.70,3.65,"70,139.00","78,849,086"
PRAGATILIF,123.40,63.30,"518,096.00","32,545,288"
PREBPBOND,"4,700.00",-,-,"40,000"
PREMIERBAN,7.30,10.63,"1,441,274.00","1,233,431,133"
PREMIERCEM,48.00,3.23,"67,129.00","105,450,000"
PREMIERLEA,2.80,0.33,"115,612.00","132,970,210"
PRIME1ICBA,5.00,0.82,"162,481.00","100,000,000"
PRIMEBANK,27.30,49.66,"1,805,122.00","1,160,590,563"
PRIMEFIN,4.30,1.13,"260,671.00","272,916,483"
PRIMEINSUR,35.40,10.30,"288,288.00","40,877,498"
PRIMELIFE,40.70,5.68,"139,244.00","30,520,230"
PRIMETEX,13.70,0.32,"22,765.00","38,200,000"
PROGRESLIF,50.10,2.38,"47,060.00","16,643,166"
PROVATIINS,33.40,5.99,"178,043.00","40,312,237"
PTL,-,-,-,"179,116,886"
PUBALIBANK,30.00,22.73,"757,621.00","1,301,434,869"
PURABIGEN,18.00,1.04,"57,839.00","59,812,506"
QUASEMIND,42.90,30.09,"696,585.00","72,726,541"
QUEENSOUTH,13.10,7.70,"583,601.00","152,601,439"
RAHIMAFOOD,161.70,86.54,"530,366.00","20,000,200"
RAHIMTEXT,180.80,24.69,"138,075.00","9,459,683"
RAKCERAMIC,22.30,2.80,"124,333.00","427,968,701"
RANFOUNDRY,157.30,2.17,"13,623.00","10,000,000"
RDFOOD,23.50,14.42,"610,624.00","75,973,956"
RECKITTBEN,"3,397.70",10.77,"3,171.00","4,725,000"
REGENTTEX,3.80,0.15,"40,210.00","128,612,137"
RELIANCE1,16.00,6.38,"395,595.00","60,500,000"
RELIANCINS,59.90,4.13,"68,122.00","105,161,087"
RENATA,500.60,29.83,"59,356.00","114,696,490"
RENWICKJA,681.40,0.11,156.00,"2,000,000"
REPUBLIC,28.60,4.32,"149,531.00","54,704,156"
RINGSHINE,3.10,1.36,"447,806.00","500,313,043"
ROBI,27.20,49.70,"1,815,639.00","5,237,932,895"
RSRMSTEEL,10.40,0.10,"10,029.00","101,189,088"
RUNNERAUTO,30.20,30.30,"999,199.00","113,539,932"
RUPALIBANK,22.50,13.22,"584,043.00","487,932,065"
RUPALIINS,21.50,5.14,"239,247.00","76,665,411"
RUPALILIFE,88.70,57.49,"644,736.00","30,014,236"
SAFKOSPINN,14.70,14.13,"950,915.00","29,981,716"
SAIFPOWER,7.00,3.08,"440,762.00","379,338,647"
SAIHAMCOT,14.70,22.49,"1,521,892.00","148,775,000"
SAIHAMTEX,14.60,14.25,"973,080.00","90,562,500"
SALAMCRST,19.50,12.78,"649,160.00","98,371,100"
SALVOCHEM,25.40,24.58,"958,605.00","65,022,793"
SAMATALETH,82.70,13.74,"166,516.00","10,320,000"
SAMORITA,66.80,9.38,"137,969.00","21,800,897"
SANDHANINS,22.10,12.25,"546,430.00","109,698,633"
SAPORTL,24.10,21.52,"880,562.00","236,867,123"
SAVAREFR,215.50,-,-,"1,392,800"
SBACBANK,8.10,5.15,"624,592.00","824,191,650"
SEAPEARL,49.70,68.13,"1,351,247.00","120,750,000"
SEB1PBOND,"4,899.00",-,-,"100,000"
SEMLFBSLGF,5.50,1.16,"208,841.00","72,944,500"
SEMLIBBLSF,7.00,0.49,"71,167.00","100,000,000"
SEMLLECMF,7.90,16.66,"2,089,917.00","50,000,000"
SHAHJABANK,18.70,8.44,"453,218.00","1,112,968,351"
SHARPIND,17.40,5.01,"285,375.00","303,452,109"
SHASHADNIM,18.60,14.70,"782,649.00","141,035,910"
SHEPHERD,17.90,9.03,"496,947.00","154,046,473"
SHURWID,6.80,1.41,"206,988.00","57,367,750"
SHYAMPSUG,130.20,0.57,"4,361.00","5,000,000"
SIBL,7.80,0.63,"80,223.00","1,140,155,100"
SICL,21.10,4.27,"201,416.00","40,000,000"
SILCOPHL,15.50,27.15,"1,744,947.00","103,807,000"
SILVAPHL,10.80,6.45,"594,991.00","136,500,000"
SIMTEX,16.90,14.27,"839,029.00","79,595,381"
SINGERBD,106.30,9.79,"91,870.00","99,702,838"
SINOBANGLA,44.30,40.28,"905,329.00","30,294,849"
SIPLC,47.30,2.94,"61,683.00","40,000,000"
SJIBLPBOND,"4,301.00",-,-,"100,000"
SKTRIMS,10.00,1.13,"112,656.00","84,700,000"
SONALIANSH,189.10,31.88,"164,911.00","10,848,000"
SONALILIFE,62.70,3.26,"51,239.00","47,500,000"
SONALIPAPR,175.50,108.02,"606,814.00","32,945,188"
SONARBAINS,26.90,3.88,"142,530.00","42,043,517"
SONARGAON,33.10,14.33,"425,725.00","26,467,056"
SOUTHEASTB,9.80,18.36,"1,847,794.00","1,337,396,388"
SPCERAMICS,19.90,37.58,"1,866,553.00","146,966,055"
SPCL,43.40,27.30,"626,821.00","186,631,629"
SQUARETEXT,54.00,10.42,"190,587.00","197,252,000"
SQURPHARMA,229.60,119.81,"521,282.00","886,451,010"
SSSTEEL,5.80,0.75,"130,340.00","328,633,200"
STANCERAM,71.60,0.84,"11,795.00","6,460,650"
STANDARINS,44.70,6.07,"134,702.00","43,296,592"
STANDBANKL,6.80,29.37,"4,224,443.00","1,115,842,308"
STYLECRAFT,75.20,50.56,"677,746.00","13,884,750"
SUMITPOWER,14.80,4.68,"316,205.00","1,067,877,239"
SUNLIFEINS,54.60,30.87,"569,892.00","35,760,690"
TAKAFULINS,34.00,0.73,"21,343.00","42,586,977"
TALLUSPIN,5.50,0.37,"68,261.00","89,335,375"
TAMIJTEX,130.70,15.19,"115,769.00","30,064,767"
TB10Y0126,98.76,-,-,"260,000,000"
TB10Y0127,95.36,-,-,"260,000,000"
TB10Y0130,95.50,-,-,"400,000,000"
TB10Y0132,84.29,-,-,"450,000,000"
TB10Y0135,109.43,-,-,"350,000,000"
TB10Y0231,81.34,-,-,"450,000,000"
TB10Y0234,108.97,-,-,"150,363,000"
TB10Y0333,89.56,-,-,"600,000,000"
TB10Y0335,109.27,-,-,"400,000,000"
TB10Y0429,-,-,-,"267,500,000"
TB10Y0434,109.56,-,-,"138,189,000"
TB10Y0530,93.70,-,-,"450,000,000"
TB10Y0531,79.84,-,-,"450,000,000"
TB10Y0532,-,-,-,"430,000,000"
TB10Y0535,108.28,-,-,"350,000,000"
TB10Y0628,93.69,-,-,"280,000,000"
TB10Y0629,93.85,-,-,"300,000,000"
TB10Y0630,93.11,-,-,"450,000,000"
TB10Y0632,88.44,-,-,"450,000,000"
TB10Y0634,112.20,-,-,"240,279,000"
TB10Y0726,97.59,-,-,"270,000,000"
TB10Y0730,89.96,-,-,"400,000,000"
TB10Y0731,77.68,-,-,"400,000,000"
TB10Y0735,99.70,-,-,"300,000,000"
TB10Y0825,99.93,-,-,"300,000,000"
TB10Y0829,96.30,-,-,"400,000,000"
TB10Y0833,93.29,-,-,"253,613,000"
TB10Y0932,88.20,-,-,"200,000,000"
TB10Y1027,94.06,-,-,"280,000,000"
TB10Y1030,80.66,-,-,"450,000,000"
TB10Y1031,83.33,-,-,"450,000,000"
TB10Y1128,91.55,-,-,"300,000,000"
TB10Y1229,95.85,-,-,"400,000,000"
TB10Y1232,89.13,-,-,"250,000,000"
TB15Y0127,101.56,-,-,"27,500,000"
TB15Y0128,104.80,-,-,"10,000,000"
TB15Y0129,105.44,-,-,"15,000,000"
TB15Y0226,99.46,-,-,"20,000,000"
TB15Y0227,101.80,-,-,"27,500,000"
TB15Y0228,105.11,-,-,"10,000,000"
TB15Y0229,105.16,-,-,"15,000,000"
TB15Y0326,99.39,-,-,"20,000,000"
TB15Y0327,101.94,-,-,"27,500,000"
TB15Y0328,105.36,-,-,"10,000,000"
TB15Y0329,104.86,-,-,"35,000,000"
TB15Y0339,110.85,-,-,"74,499,000"
TB15Y0340,112.72,1.69,"15,000.00","150,000,000"
TB15Y0426,99.35,-,-,"25,000,000"
TB15Y0427,102.09,-,-,"50,000,000"
TB15Y0428,105.42,-,-,"20,000,000"
TB15Y0429,104.76,-,-,"35,000,000"
TB15Y0431,88.37,-,-,"285,000,000"
TB15Y0437,82.78,-,-,"422,800,000"
TB15Y0526,99.30,-,-,"25,000,000"
TB15Y0527,102.28,-,-,"50,000,000"
TB15Y0528,105.51,-,-,"20,000,000"
TB15Y0529,104.79,-,-,"40,000,000"
TB15Y0535,90.35,-,-,"445,000,000"
TB15Y0626,99.22,-,-,"25,000,000"
TB15Y0627,102.51,-,-,"50,000,000"
TB15Y0628,105.62,-,-,"20,000,000"
TB15Y0629,104.87,-,-,"40,000,000"
TB15Y0635,88.93,-,-,"449,930,000"
TB15Y0637,86.44,-,-,"206,647,000"
TB15Y0727,102.79,-,-,"35,000,000"
TB15Y0728,105.72,-,-,"15,000,000"
TB15Y0729,104.63,-,-,"25,000,000"
TB15Y0730,98.13,-,-,"300,000,000"
TB15Y0736,68.57,-,-,"450,000,000"
TB15Y0825,99.98,-,-,"14,000,000"
TB15Y0826,99.37,-,-,"15,000,000"
TB15Y0828,105.78,-,-,"15,000,000"
TB15Y0829,103.79,-,-,"25,000,000"
TB15Y0925,99.83,-,-,"14,000,000"
TB15Y0926,99.98,-,-,"15,000,000"
TB15Y0927,103.26,-,-,"35,000,000"
TB15Y0928,105.87,-,-,"15,000,000"
TB15Y0929,103.53,-,-,"25,000,000"
TB15Y0930,91.78,-,-,"300,000,000"
TB15Y0933,82.46,-,-,"450,000,000"
TB15Y1025,99.73,-,-,"15,000,000"
TB15Y1026,100.73,-,-,"20,000,000"
TB15Y1027,103.55,-,-,"10,000,000"
TB15Y1028,105.91,-,-,"15,000,000"
TB15Y1029,103.30,-,-,"25,000,000"
TB15Y1125,99.65,-,-,"15,000,000"
TB15Y1126,100.78,-,-,"20,000,000"
TB15Y1127,103.94,-,-,"10,000,000"
TB15Y1128,105.60,-,-,"15,000,000"
TB15Y1129,103.51,-,-,"68,000,000"
TB15Y1133,84.16,-,-,"415,000,000"
TB15Y1225,99.58,-,-,"15,000,000"
TB15Y1226,100.85,-,-,"20,000,000"
TB15Y1227,104.38,-,-,"10,000,000"
TB15Y1228,105.65,-,-,"15,000,000"
TB20Y0128,106.94,-,-,"5,000,000"
TB20Y0129,107.72,-,-,"12,500,000"
TB20Y0131,96.12,-,-,"15,000,000"
TB20Y0132,106.60,-,-,"25,000,000"
TB20Y0133,109.68,-,-,"10,000,000"
TB20Y0134,110.08,-,-,"15,000,000"
TB20Y0143,85.71,-,-,"85,000,000"
TB20Y0228,106.98,-,-,"5,000,000"
TB20Y0229,107.75,-,-,"12,500,000"
TB20Y0230,95.27,-,-,"10,000,000"
TB20Y0231,96.08,-,-,"15,000,000"
TB20Y0232,106.92,-,-,"25,000,000"
TB20Y0233,110.29,-,-,"10,000,000"
TB20Y0234,110.03,-,-,"15,000,000"
TB20Y0328,107.10,-,-,"5,000,000"
TB20Y0329,107.77,-,-,"15,000,000"
TB20Y0330,95.32,-,-,"10,000,000"
TB20Y0331,96.16,-,-,"16,000,000"
TB20Y0332,107.12,-,-,"25,000,000"
TB20Y0333,110.36,-,-,"10,000,000"
TB20Y0334,109.49,-,-,"30,000,000"
TB20Y0342,77.30,-,-,"335,000,000"
TB20Y0428,107.20,-,-,"5,000,000"
TB20Y0429,103.28,-,-,"15,000,000"
TB20Y0430,95.30,-,-,"8,000,000"
TB20Y0431,96.21,-,-,"17,500,000"
TB20Y0432,107.37,-,-,"32,500,000"
TB20Y0433,110.44,-,-,"10,000,000"
TB20Y0434,109.51,-,-,"30,000,000"
TB20Y0436,85.37,-,-,"285,000,000"
TB20Y0528,107.31,-,-,"5,000,000"
TB20Y0529,102.08,-,-,"13,320,000"
TB20Y0530,95.26,-,-,"7,500,000"
TB20Y0531,96.18,-,-,"17,500,000"
TB20Y0532,107.61,-,-,"32,500,000"
TB20Y0533,110.49,-,-,"10,000,000"
TB20Y0534,109.55,-,-,"35,000,000"
TB20Y0540,89.28,-,-,"450,000,000"
TB20Y0545,111.12,3.11,"28,000.00","150,000,000"
TB20Y0628,107.33,-,-,"5,000,000"
TB20Y0629,98.93,-,-,"8,000,000"
TB20Y0630,94.90,-,-,"7,500,000"
TB20Y0631,96.16,-,-,"18,500,000"
TB20Y0632,107.79,-,-,"34,100,000"
TB20Y0633,110.64,-,-,"10,000,000"
TB20Y0634,109.47,-,-,"35,000,000"
TB20Y0639,90.37,-,-,"365,000,000"
TB20Y0640,87.32,-,-,"450,000,000"
TB20Y0641,65.09,-,-,"440,000,000"
TB20Y0642,84.11,-,-,"441,303,000"
TB20Y0727,109.97,-,-,"5,000,000"
TB20Y0728,107.39,-,-,"12,500,000"
TB20Y0729,95.40,-,-,"12,500,000"
TB20Y0730,94.87,-,-,"12,500,000"
TB20Y0731,97.67,-,-,"15,000,000"
TB20Y0732,107.88,-,-,"30,000,000"
TB20Y0733,110.74,-,-,"15,000,000"
TB20Y0734,109.40,-,-,"25,000,000"
TB20Y0735,98.97,-,-,"260,000,000"
TB20Y0744,116.04,-,-,"216,682,000"
TB20Y0827,109.59,-,-,"5,000,000"
TB20Y0828,107.50,-,-,"12,500,000"
TB20Y0829,94.08,-,-,"300,000"
TB20Y0830,94.92,-,-,"12,500,000"
TB20Y0831,98.76,-,-,"15,000,000"
TB20Y0832,108.16,-,-,"30,000,000"
TB20Y0833,110.84,-,-,"15,000,000"
TB20Y0834,108.22,-,-,"25,000,000"
TB20Y0927,107.71,-,-,"5,000,000"
TB20Y0928,107.57,-,-,"12,500,000"
TB20Y0930,94.91,-,-,"12,500,000"
TB20Y0931,101.41,-,-,"15,000,000"
TB20Y0932,108.22,-,-,"30,000,000"
TB20Y0933,110.91,-,-,"15,000,000"
TB20Y0934,108.74,-,-,"25,000,000"
TB20Y1027,107.38,-,-,"5,000,000"
TB20Y1028,107.58,-,-,"12,500,000"
TB20Y1029,95.54,-,-,"12,500,000"
TB20Y1030,94.85,-,-,"12,500,000"
TB20Y1031,104.34,-,-,"17,500,000"
TB20Y1032,108.29,-,-,"10,000,000"
TB20Y1033,110.98,-,-,"15,000,000"
TB20Y1034,108.76,-,-,"25,000,000"
TB20Y1127,107.00,-,-,"5,000,000"
TB20Y1128,107.66,-,-,"12,500,000"
TB20Y1130,95.59,-,-,"12,500,000"
TB20Y1131,104.39,-,-,"17,500,000"
TB20Y1132,108.48,-,-,"10,000,000"
TB20Y1133,110.27,-,-,"15,000,000"
TB20Y1134,108.77,-,-,"68,000,000"
TB20Y1135,88.60,-,-,"395,000,000"
TB20Y1138,83.26,-,-,"300,000,000"
TB20Y1227,106.91,-,-,"5,000,000"
TB20Y1228,107.68,-,-,"12,500,000"
TB20Y1229,95.39,-,-,"15,000,000"
TB20Y1230,96.03,-,-,"12,500,000"
TB20Y1231,104.47,-,-,"17,500,000"
TB20Y1232,109.07,-,-,"10,000,000"
TB20Y1233,110.36,-,-,"15,000,000"
TB20Y1242,86.20,-,-,"50,000,000"
TB2Y0126,100.49,-,-,"127,190,000"
TB2Y0127,102.33,-,-,"450,000,000"
TB2Y0227,100.92,-,-,"450,000,000"
TB2Y0327,101.26,-,-,"450,000,000"
TB2Y0426,101.04,-,-,"230,316,000"
TB2Y0427,102.79,-,-,"450,000,000"
TB2Y0526,101.21,-,-,"298,588,000"
TB2Y0527,102.58,-,-,"450,000,000"
TB2Y0626,101.51,-,-,"383,573,000"
TB2Y0627,103.20,-,-,"350,000,000"
TB2Y0727,102.30,-,-,"414,050,000"
TB2Y0826,101.81,-,-,"350,000,000"
TB2Y0925,99.85,-,-,"270,000,000"
TB2Y1026,101.98,-,-,"492,624,000"
TB2Y1125,99.86,0.70,"7,000.00","136,987,000"
TB2Y1126,102.25,-,-,"266,658,000"
TB5Y0128,96.54,-,-,"170,000,000"
TB5Y0230,100.11,-,-,"400,000,000"
TB5Y0326,96.50,-,-,"450,000,000"
TB5Y0327,94.12,-,-,"449,941,000"
TB5Y0428,95.94,-,-,"600,000,000"
TB5Y0429,105.15,-,-,"239,782,000"
TB5Y0430,107.03,-,-,"350,000,000"
TB5Y0527,95.84,-,-,"449,960,000"
TB5Y0529,106.07,-,-,"119,944,000"
TB5Y0626,94.84,-,-,"450,000,000"
TB5Y0628,96.76,-,-,"600,000,000"
TB5Y0630,107.06,-,-,"394,918,000"
TB5Y0727,95.97,-,-,"330,000,000"
TB5Y0828,97.13,-,-,"350,000,000"
TB5Y0926,94.55,-,-,"406,334,000"
TB5Y0928,97.21,-,-,"378,983,000"
TB5Y1025,98.91,-,-,"400,000,000"
TB5Y1029,106.20,-,-,"549,703,000"
TB5Y1126,95.60,-,-,"450,000,000"
TB5Y1127,95.66,-,-,"100,000,000"
TB5Y1128,102.05,-,-,"81,362,000"
TB5Y1225,98.15,-,-,"400,000,000"
TB5Y1228,100.25,-,-,"154,768,000"
TB5Y1229,106.64,-,-,"300,000,000"
TECHNODRUG,31.40,23.09,"730,214.00","131,998,188"
TILIL,56.00,26.37,"464,506.00","40,000,000"
TITASGAS,21.60,18.05,"822,461.00","989,221,831"
TOSRIFA,19.50,9.08,"462,598.00","67,985,119"
TRUSTB1MF,3.70,1.20,"325,528.00","303,586,675"
TRUSTBANK,20.30,38.60,"1,871,698.00","994,079,482"
TUNGHAI,2.70,0.39,"140,393.00","106,653,030"
UCB,10.60,18.71,"1,760,185.00","1,550,375,898"
UCB2PBOND,"4,700.00",-,-,"60,000"
UNILEVERCL,"2,507.70",2.08,831.00,"19,274,318"
UNIONBANK,2.90,0.31,"106,554.00","1,036,280,448"
UNIONCAP,4.80,1.06,"217,711.00","172,573,843"
UNIONINS,34.50,5.63,"161,794.00","48,402,260"
UNIQUEHRL,40.90,28.97,"703,717.00","294,400,000"
UNITEDFIN,13.10,5.78,"437,299.00","187,114,614"
UNITEDINS,39.80,2.03,"50,778.00","44,500,000"
UPGDCL,138.70,21.01,"149,966.00","579,695,270"
USMANIAGL,33.60,0.81,"23,936.00","17,410,900"
UTTARABANK,21.40,82.01,"3,812,425.00","970,268,872"
UTTARAFIN,16.70,0.55,"32,675.00","131,481,504"
VAMLBDMF1,7.00,0.16,"22,817.00","104,320,000"
VAMLRBBF,6.00,0.07,"11,998.00","158,745,000"
VFSTDL,7.40,1.04,"139,991.00","105,580,055"
WALTONHIL,446.70,10.28,"22,879.00","302,928,343"
WATACHEM,137.20,8.36,"60,645.00","14,822,618"
WMSHIPYARD,8.70,2.04,"231,337.00","235,203,769"
YPL,14.30,1.39,"96,509.00","73,698,817"
ZAHEENSPIN,6.90,3.82,"549,622.00","113,828,368"
ZAHINTEX,4.40,0.13,"28,953.00","81,828,549"
ZEALBANGLA,86.90,0.10,"1,170.00","6,000,000"
1JANATAMF,3.40,1.89,"555,913.00","289,923,349"
1STPRIMFMF,21.50,15.12,"698,397.00","20,000,000"
